t_mono,x_m,y_m,theta_deg
3.744209499342000072e+03,1.000000000000000000e+01,1.000000000000000000e+01,0.000000000000000000e+00
3.744307504804000018e+03,1.000000000000000000e+01,1.000000000000000000e+01,0.000000000000000000e+00
3.744408544926000104e+03,1.000000000000000000e+01,1.000000000000000000e+01,0.000000000000000000e+00
3.744506522258000132e+03,1.000000000000000000e+01,1.000000000000000000e+01,0.000000000000000000e+00
3.744607516916999884e+03,1.000000000000000000e+01,1.000000000000000000e+01,0.000000000000000000e+00
3.744705523322999852e+03,1.000000000000000000e+01,1.000000000000000000e+01,0.000000000000000000e+00
3.744804598091000116e+03,1.000000000000000000e+01,1.000000000000000000e+01,0.000000000000000000e+00
3.744904532296000070e+03,1.000000000000000000e+01,1.000000000000000000e+01,0.000000000000000000e+00
3.745003782765999858e+03,1.000000000000000000e+01,1.000000000000000000e+01,0.000000000000000000e+00
3.745105543288999797e+03,1.000000000000000000e+01,1.000000000000000000e+01,0.000000000000000000e+00
3.745203541454000060e+03,1.000000000000000000e+01,1.000000000000000000e+01,0.000000000000000000e+00
3.745304547317000015e+03,1.000000000000000000e+01,1.000000000000000000e+01,0.000000000000000000e+00
3.745402559130000100e+03,1.000000000000000000e+01,1.000000000000000000e+01,0.000000000000000000e+00
3.745500566574000004e+03,1.000000000000000000e+01,1.000000000000000000e+01,0.000000000000000000e+00
3.745601556770000116e+03,1.000000000000000000e+01,1.000000000000000000e+01,0.000000000000000000e+00
3.745700604536999890e+03,1.000000000000000000e+01,1.000000000000000000e+01,0.000000000000000000e+00
3.745800604056999873e+03,1.000000000000000000e+01,1.000000000000000000e+01,0.000000000000000000e+00
3.745899741046000145e+03,1.000000000000000000e+01,1.000000000000000000e+01,0.000000000000000000e+00
3.746001576346000093e+03,1.000000000000000000e+01,1.000000000000000000e+01,0.000000000000000000e+00
3.746098946571999932e+03,1.000000000000000000e+01,1.000000000000000000e+01,0.000000000000000000e+00
3.746197021070000119e+03,1.000000000000000000e+01,1.000000000000000000e+01,0.000000000000000000e+00
3.746298593502000131e+03,1.000000000000000000e+01,1.000000000000000000e+01,0.000000000000000000e+00
3.746395991525000227e+03,1.000000000000000000e+01,1.000000000000000000e+01,0.000000000000000000e+00
3.746495591973000046e+03,1.000000000000000000e+01,1.000000000000000000e+01,0.000000000000000000e+00
3.746596602834999885e+03,1.000000000000000000e+01,1.000000000000000000e+01,0.000000000000000000e+00
3.746694613833999938e+03,1.000000000000000000e+01,1.000000000000000000e+01,0.000000000000000000e+00
3.746795711898999798e+03,1.000000000000000000e+01,1.000000000000000000e+01,0.000000000000000000e+00
3.746893628083999829e+03,1.000000000000000000e+01,1.000000000000000000e+01,0.000000000000000000e+00
3.746991616009000154e+03,1.000000000000000000e+01,1.000000000000000000e+01,0.000000000000000000e+00
3.747092799759000172e+03,1.000000000000000000e+01,1.000000000000000000e+01,0.000000000000000000e+00
3.747192667463999896e+03,1.000000000000000000e+01,1.000000000000000000e+01,0.000000000000000000e+00
3.747291948784999931e+03,1.000000000000000000e+01,1.000000000000000000e+01,0.000000000000000000e+00
3.747391635788999793e+03,9.979529644548893685e+00,1.000072419559583103e+01,-1.926760748028755188e-01
3.747492663909999919e+03,9.959483680594711785e+00,9.996846246765926480e+00,-4.749284218996763229e-01
3.747590651076000086e+03,9.939723179108113982e+00,9.994846490559030627e+00,-8.275963582855183631e-01
3.747691690382000161e+03,9.939723179108113982e+00,9.994846490559030627e+00,-8.275963582855183631e-01
3.747789653899999848e+03,9.916339255252387019e+00,9.994187150264952635e+00,-5.374502936319913715e-01
3.747887652232000164e+03,9.894278557644792471e+00,9.998607749448456872e+00,-6.727515332022449002e-01
3.747988738315999854e+03,9.894278557644792471e+00,9.998607749448456872e+00,-6.727515332022449002e-01
3.748088034728999901e+03,9.867153512745790778e+00,9.997024704332762468e+00,-3.660345535536180250e-01
3.748187936323000031e+03,9.867153512745790778e+00,9.997024704332762468e+00,-3.660345535536180250e-01
3.748287668510999993e+03,9.830651088863305631e+00,9.984895206804685230e+00,-1.163868651892698836e+00
3.748386711131000084e+03,9.830651088863305631e+00,9.984895206804685230e+00,-1.163868651892698836e+00
3.748486723631000132e+03,9.809608556389502354e+00,9.984615589495115628e+00,-8.393393728692899458e-01
3.748584742092999932e+03,9.809608556389502354e+00,9.984615589495115628e+00,-8.393393728692899458e-01
3.748685722900000201e+03,9.782619307441018819e+00,9.985916330540385744e+00,-1.239472349116113037e+00
3.748783740231000138e+03,9.764520736452505290e+00,9.986664564549755596e+00,-8.956987608689814806e-01
3.748882756555000014e+03,9.744654642459318339e+00,9.993618598967623612e+00,-7.746823516208678484e-01
3.748982035895000081e+03,9.744654642459318339e+00,9.993618598967623612e+00,-7.746823516208678484e-01
3.749082003803000134e+03,9.714485427554427233e+00,9.991216526725292368e+00,-6.031946895200235303e-01
3.749179825580999932e+03,9.714485427554427233e+00,9.991216526725292368e+00,-6.031946895200235303e-01
3.749281095329999971e+03,9.688217392465412914e+00,9.988214493907662472e+00,-8.720429028289800044e-01
3.749379013959000076e+03,9.664960373055327736e+00,9.986654128421514898e+00,-9.311461594916181639e-01
3.749478767867999977e+03,9.648274338096053171e+00,9.989755944833314416e+00,-9.796690509392647073e-01
3.749577759728999808e+03,9.630386967435152101e+00,9.989122600185373457e+00,-1.107285336402128451e+00
3.749677764747999845e+03,9.630386967435152101e+00,9.989122600185373457e+00,-1.107285336402128451e+00
3.749775761005999811e+03,9.630386967435152101e+00,9.989122600185373457e+00,-1.107285336402128451e+00
3.749876770757000031e+03,9.602439422123097756e+00,9.988927707560515401e+00,-1.374446760382852517e+00
3.749974782199999936e+03,9.582565744928979612e+00,9.979921535886978390e+00,-1.727732244398794137e+00
3.750073847614999977e+03,9.566262557682602363e+00,9.984274987313119354e+00,-1.485466491994884564e+00
3.750173057363000225e+03,9.566262557682602363e+00,9.984274987313119354e+00,-1.485466491994884564e+00
3.750272921252999822e+03,9.532938149093206803e+00,9.984341743706181660e+00,-1.532334928033378674e+00
3.750370846640999844e+03,9.515549072348767012e+00,9.986915291521153648e+00,-1.360560768207506044e+00
3.750472118149999915e+03,9.515549072348767012e+00,9.986915291521153648e+00,-1.360560768207506044e+00
3.750569992816000195e+03,9.482252317392521945e+00,9.988082089369573424e+00,-1.729731872601405485e+00
3.750669803058000070e+03,9.476502065458589641e+00,9.984105960374154876e+00,-1.771768970338598592e+00
3.750768806233999840e+03,9.455285693484984932e+00,9.987369935373909158e+00,-1.647029777459465549e+00
3.750868812492999950e+03,9.438730371674683539e+00,9.989223814041588767e+00,-1.657976052019876079e+00
3.750966822768999918e+03,9.438730371674683539e+00,9.989223814041588767e+00,-1.657976052019876079e+00
3.751067824853999809e+03,9.407664035831567517e+00,9.989681550721844161e+00,-1.715777584986426518e+00
3.751165831425999841e+03,9.391346685307462749e+00,9.991234056830261778e+00,-1.579828783806078718e+00
3.751266839380999954e+03,9.369680443678181092e+00,9.991539059664910738e+00,-7.847920659060036996e-01
3.751364082719000180e+03,9.353304035319842669e+00,9.990800968969097084e+00,1.114838312578285695e+00
3.751465998536999905e+03,9.339334104697581296e+00,9.993167072107871363e+00,4.142906817805851460e+00
3.751565240099000221e+03,9.331847465639247829e+00,9.992323151735444497e+00,7.665806173545206548e+00
3.751663151487000050e+03,9.323459446297738040e+00,9.993902168205796244e+00,1.144846461314045882e+01
3.751764891177000209e+03,9.312233426526608682e+00,9.994698614794151226e+00,1.268590594409943151e+01
3.751862852601000213e+03,9.296424565141160556e+00,9.989042809330248573e+00,1.312051359343058721e+01
3.751963859019000211e+03,9.296424565141160556e+00,9.989042809330248573e+00,1.312051359343058721e+01
3.752061860221000188e+03,9.269728325147251979e+00,9.985074105257490729e+00,1.282199169419072859e+01
3.752162869046000196e+03,9.269728325147251979e+00,9.985074105257490729e+00,1.282199169419072859e+01
3.752260868247999952e+03,9.269728325147251979e+00,9.985074105257490729e+00,1.282199169419072859e+01
3.752361967184000150e+03,9.233687158979090981e+00,9.972032599044586831e+00,1.306325935792301607e+01
3.752461254430999816e+03,9.233687158979090981e+00,9.972032599044586831e+00,1.306325935792301607e+01
3.752559150966999823e+03,9.233687158979090981e+00,9.972032599044586831e+00,1.306325935792301607e+01
3.752660885470999801e+03,9.204250138034193895e+00,9.971318179960917405e+00,1.329152222163429542e+01
3.752758899431999907e+03,9.179261495699256201e+00,9.962100093658637689e+00,1.295496940053453727e+01
3.752856190954999875e+03,9.169039010410278578e+00,9.960558190980782101e+00,1.392433768335649802e+01
3.752958088699000200e+03,9.149736317077849179e+00,9.956871870199075047e+00,1.363329557666475012e+01
3.753056907098000011e+03,9.149736317077849179e+00,9.956871870199075047e+00,1.363329557666475012e+01
3.753156996078999782e+03,9.110878654400085708e+00,9.941900953689446041e+00,1.376857805030340387e+01
3.753255938606000200e+03,9.110878654400085708e+00,9.941900953689446041e+00,1.376857805030340387e+01
3.753357217818000208e+03,9.110878654400085708e+00,9.941900953689446041e+00,1.376857805030340387e+01
3.753455112927999835e+03,9.077990693120977284e+00,9.935389724743117768e+00,1.352904713207863097e+01
3.753553017852999801e+03,9.077990693120977284e+00,9.935389724743117768e+00,1.352904713207863097e+01
3.753654286028000115e+03,9.052371926127692703e+00,9.927010345455755669e+00,1.352737906349830155e+01
3.753752174378999825e+03,9.052371926127692703e+00,9.927010345455755669e+00,1.352737906349830155e+01
3.753851931992000118e+03,9.052371926127692703e+00,9.927010345455755669e+00,1.352737906349830155e+01
3.753952936262000094e+03,9.010740764892419818e+00,9.916318035681296550e+00,1.345167508775375609e+01
3.754050948574999893e+03,9.010740764892419818e+00,9.916318035681296550e+00,1.345167508775375609e+01
3.754151944454999921e+03,8.992722413629984146e+00,9.910748776017545225e+00,1.349685476471677248e+01
3.754249955119999868e+03,8.992722413629984146e+00,9.910748776017545225e+00,1.349685476471677248e+01
3.754347960266999962e+03,8.959307469741201402e+00,9.903304961711956622e+00,1.330661029865041201e+01
3.754448972461999801e+03,8.959307469741201402e+00,9.903304961711956622e+00,1.330661029865041201e+01
3.754548241450000205e+03,8.959307469741201402e+00,9.903304961711956622e+00,1.330661029865041201e+01
3.754648158247000083e+03,8.923995467775261758e+00,9.890347064674688937e+00,1.318052986015572969e+01
3.754748030636999829e+03,8.923995467775261758e+00,9.890347064674688937e+00,1.318052986015572969e+01
3.754845301067000037e+03,8.892420495884765685e+00,9.883782722185832981e+00,1.314596998989827625e+01
3.754946987349000210e+03,8.892420495884765685e+00,9.883782722185832981e+00,1.314596998989827625e+01
3.755045030792000034e+03,8.862308864133705555e+00,9.883604940180202192e+00,1.276943541616446964e+01
3.755145987117000004e+03,8.862308864133705555e+00,9.883604940180202192e+00,1.276943541616446964e+01
3.755243992948000141e+03,8.835773518007520977e+00,9.879827150017490567e+00,1.281233329810447685e+01
3.755343005142000038e+03,8.835773518007520977e+00,9.879827150017490567e+00,1.281233329810447685e+01
3.755444204410000111e+03,8.809319193912710233e+00,9.873405795633562576e+00,1.613427118802746918e+01
3.755542092168000181e+03,8.799662140096573992e+00,9.870333737619921166e+00,1.919755219668104473e+01
3.755643379954000011e+03,8.789173898674583540e+00,9.867766823359534811e+00,2.257568544432388080e+01
3.755741263952999816e+03,8.784667302660476906e+00,9.864669227485546088e+00,2.442348012803222446e+01
3.755843029086000115e+03,8.767861790673872946e+00,9.857850158569499754e+00,2.505667460486392883e+01
3.755940440015000149e+03,8.767861790673872946e+00,9.857850158569499754e+00,2.505667460486392883e+01
3.756040035647999957e+03,8.767861790673872946e+00,9.857850158569499754e+00,2.505667460486392883e+01
3.756140040222000152e+03,8.732220107798296382e+00,9.840566080127473469e+00,2.466289572593041157e+01
3.756239048396999806e+03,8.711302541235294683e+00,9.831026960226017408e+00,2.517772377236497050e+01
3.756340335589999995e+03,8.702582042330709200e+00,9.824092135308319484e+00,2.656665623887192851e+01
3.756438057904999823e+03,8.691251971223049821e+00,9.818251754284437638e+00,2.861855184805563113e+01
3.756539360079999824e+03,8.677773813111365087e+00,9.812092180489571547e+00,3.172168971172823149e+01
3.756637232431000029e+03,8.670278225000606298e+00,9.812868837905124764e+00,3.513455915398253637e+01
3.756735121726000216e+03,8.662282677267489461e+00,9.809375507750383250e+00,3.786115133243356468e+01
3.756836493789000087e+03,8.648965467080982350e+00,9.797279364539145163e+00,3.866912883979011895e+01
3.756936050089000219e+03,8.648965467080982350e+00,9.797279364539145163e+00,3.866912883979011895e+01
3.757036070514000130e+03,8.626046340911692312e+00,9.775731322150978286e+00,3.914907757480023065e+01
3.757135080910999932e+03,8.626046340911692312e+00,9.775731322150978286e+00,3.914907757480023065e+01
3.757234145603999877e+03,8.604150714381397336e+00,9.761515979779369800e+00,3.919316997282066950e+01
3.757334125603999837e+03,8.604150714381397336e+00,9.761515979779369800e+00,3.919316997282066950e+01
3.757432088029000170e+03,8.604150714381397336e+00,9.761515979779369800e+00,3.919316997282066950e+01
3.757533202334000180e+03,8.579963638010234206e+00,9.735742371187962263e+00,3.910652980146323898e+01
3.757631103795999934e+03,8.579963638010234206e+00,9.735742371187962263e+00,3.910652980146323898e+01
3.757730486855999970e+03,8.556068718731260958e+00,9.718076196548508960e+00,3.905951954467809628e+01
3.757830099100000098e+03,8.556068718731260958e+00,9.718076196548508960e+00,3.905951954467809628e+01
3.757930105784999796e+03,8.527929740725380015e+00,9.702427386032514534e+00,3.896831635531043503e+01
3.758027465215000120e+03,8.527929740725380015e+00,9.702427386032514534e+00,3.896831635531043503e+01
3.758129150162999849e+03,8.504793369876573195e+00,9.682951169254966572e+00,3.901283392165851183e+01
3.758227134938999825e+03,8.504793369876573195e+00,9.682951169254966572e+00,3.901283392165851183e+01
3.758326123243999973e+03,8.479568288116137609e+00,9.666517458668568707e+00,3.867624777885566800e+01
3.758425135177999891e+03,8.471610084934512841e+00,9.654132177306928853e+00,3.860717203053127378e+01
3.758525131566999789e+03,8.465461304145286192e+00,9.643154975415564323e+00,3.727763337905116714e+01
3.758623138972000106e+03,8.462602226018065110e+00,9.634486005204053072e+00,3.340224323997745159e+01
3.758724242073999903e+03,8.441435992617629225e+00,9.626965904159259679e+00,3.139684962879755403e+01
3.758822144942999785e+03,8.441435992617629225e+00,9.626965904159259679e+00,3.139684962879755403e+01
3.758923416968999845e+03,8.415049644754184044e+00,9.610964901465013810e+00,3.137667087459476534e+01
3.759021151803000066e+03,8.415049644754184044e+00,9.610964901465013810e+00,3.137667087459476534e+01
3.759121154561999901e+03,8.415049644754184044e+00,9.610964901465013810e+00,3.137667087459476534e+01
3.759218542083000102e+03,8.385053677609105804e+00,9.596397116401021776e+00,3.144897065474424380e+01
3.759320167994999792e+03,8.372414982071061829e+00,9.582794264604126866e+00,3.136147518991265315e+01
3.759418165881999812e+03,8.356320950513621781e+00,9.572167827275370300e+00,3.116230982704792041e+01
3.759519175206999989e+03,8.356320950513621781e+00,9.572167827275370300e+00,3.116230982704792041e+01
3.759616176397999880e+03,8.327614722707515682e+00,9.555829109160731250e+00,3.097436057316144797e+01
3.759716185657000096e+03,8.327614722707515682e+00,9.555829109160731250e+00,3.097436057316144797e+01
3.759817370943999777e+03,8.295991658725982987e+00,9.540442128388713527e+00,3.121227162802597377e+01
3.759917284222000035e+03,8.295991658725982987e+00,9.540442128388713527e+00,3.121227162802597377e+01
3.760016544282999803e+03,8.275679728107501631e+00,9.523373048298708454e+00,3.127539438369922209e+01
3.760114437745000032e+03,8.260389351346679732e+00,9.512414905272999377e+00,3.126606489465984851e+01
3.760216201434000141e+03,8.260389351346679732e+00,9.512414905272999377e+00,3.126606489465984851e+01
3.760313609473999804e+03,8.235500413240082196e+00,9.494126916707136488e+00,3.150568189965042620e+01
3.760415217349000159e+03,8.220218693420905609e+00,9.486199670268797846e+00,3.127113131420401260e+01
3.760513220439000179e+03,8.220218693420905609e+00,9.486199670268797846e+00,3.127113131420401260e+01
3.760614218245999837e+03,8.194711629120432050e+00,9.469038777898640902e+00,3.127015970567072145e+01
3.760713354197000172e+03,8.194711629120432050e+00,9.469038777898640902e+00,3.127015970567072145e+01
3.760811320972999965e+03,8.168922266255981057e+00,9.450728152532064996e+00,3.146918654237879309e+01
3.760912526961999902e+03,8.168922266255981057e+00,9.450728152532064996e+00,3.146918654237879309e+01
3.761010409905999950e+03,8.149565435465341068e+00,9.439814796138488617e+00,3.153148339857352767e+01
3.761112241167999855e+03,8.116647873338228791e+00,9.421785405863010610e+00,3.160513746348215136e+01
3.761209585966999839e+03,8.116647873338228791e+00,9.421785405863010610e+00,3.160513746348215136e+01
3.761309295988000031e+03,8.116647873338228791e+00,9.421785405863010610e+00,3.160513746348215136e+01
3.761409295969000141e+03,8.116647873338228791e+00,9.421785405863010610e+00,3.160513746348215136e+01
3.761508251366999957e+03,8.080295978403158941e+00,9.400686904259600851e+00,3.129999360649662776e+01
3.761609306504999950e+03,8.080295978403158941e+00,9.400686904259600851e+00,3.129999360649662776e+01
3.761707268317999933e+03,8.057751953128466482e+00,9.382152496253365115e+00,3.107028588003004188e+01
3.761805274130999805e+03,8.057751953128466482e+00,9.382152496253365115e+00,3.107028588003004188e+01
3.761904366804999881e+03,8.057751953128466482e+00,9.382152496253365115e+00,3.107028588003004188e+01
3.762004301935000058e+03,8.057751953128466482e+00,9.382152496253365115e+00,3.107028588003004188e+01
3.762103549496000142e+03,8.016346913521850581e+00,9.358324867881128384e+00,3.134300245253825778e+01
3.762205316276999838e+03,8.016346913521850581e+00,9.358324867881128384e+00,3.134300245253825778e+01
3.762303296608999972e+03,7.987487896151582056e+00,9.338341188225422584e+00,3.137617170626754159e+01
3.762404293154999777e+03,7.987487896151582056e+00,9.338341188225422584e+00,3.137617170626754159e+01
3.762502297171999999e+03,7.987487896151582056e+00,9.338341188225422584e+00,3.137617170626754159e+01
3.762603313014999912e+03,7.952492076579732228e+00,9.320676570867181709e+00,3.141629886571308816e+01
3.762701349679000032e+03,7.952492076579732228e+00,9.320676570867181709e+00,3.141629886571308816e+01
3.762802343002999805e+03,7.952492076579732228e+00,9.320676570867181709e+00,3.141629886571308816e+01
3.762900319426999886e+03,7.926131294995797383e+00,9.299625235567328119e+00,3.133186163604250396e+01
3.762999511471000005e+03,7.926131294995797383e+00,9.299625235567328119e+00,3.133186163604250396e+01
3.763101328028999887e+03,7.902525371268642296e+00,9.280606633102980396e+00,3.159793152697375263e+01
3.763198675624999851e+03,7.885361443415535021e+00,9.270301274633492739e+00,3.193034245856097186e+01
3.763300331074000042e+03,7.885361443415535021e+00,9.270301274633492739e+00,3.193034245856097186e+01
3.763398338144999798e+03,7.851197697026440103e+00,9.253256614376550004e+00,3.187124568843273664e+01
3.763495756295999854e+03,7.851197697026440103e+00,9.253256614376550004e+00,3.187124568843273664e+01
3.763597348819000217e+03,7.828857140361582090e+00,9.236333895604001754e+00,3.198265382050294647e+01
3.763696345957000176e+03,7.814290640674084187e+00,9.226150382830928365e+00,3.187456472454641698e+01
3.763794349695000165e+03,7.814290640674084187e+00,9.226150382830928365e+00,3.187456472454641698e+01
3.763895515352000075e+03,7.786353929511755645e+00,9.210275894179176248e+00,3.185131054980729459e+01
3.763993405275999976e+03,7.786353929511755645e+00,9.210275894179176248e+00,3.185131054980729459e+01
3.764091374163000182e+03,7.762766369248059739e+00,9.196202129914126999e+00,3.197497363694992600e+01
3.764192547226999977e+03,7.762766369248059739e+00,9.196202129914126999e+00,3.197497363694992600e+01
3.764292372301999876e+03,7.733874733473133922e+00,9.182464876230005402e+00,3.203542302986306822e+01
3.764391720807000183e+03,7.733874733473133922e+00,9.182464876230005402e+00,3.203542302986306822e+01
3.764491385641999841e+03,7.707227767032531318e+00,9.163075013306297478e+00,3.206464408894817097e+01
3.764592377040999963e+03,7.707227767032531318e+00,9.163075013306297478e+00,3.206464408894817097e+01
3.764690390742000091e+03,7.685667172593024787e+00,9.148937143419242801e+00,3.198205748105237944e+01
3.764788392424999984e+03,7.685667172593024787e+00,9.148937143419242801e+00,3.198205748105237944e+01
3.764889398916000118e+03,7.658692442026880265e+00,9.131987693334304268e+00,3.196006929034183486e+01
3.764987409414000012e+03,7.642572812111688485e+00,9.121943219799504732e+00,3.189076845658519233e+01
3.765088574718000018e+03,7.642572812111688485e+00,9.121943219799504732e+00,3.189076845658519233e+01
3.765187781520000044e+03,7.642572812111688485e+00,9.121943219799504732e+00,3.189076845658519233e+01
3.765287686724000196e+03,7.609737887400773282e+00,9.105242591201749391e+00,3.204097895425320530e+01
3.765387430169999789e+03,7.609737887400773282e+00,9.105242591201749391e+00,3.204097895425320530e+01
3.765485466833999908e+03,7.580230571540527151e+00,9.088172059420140059e+00,3.221098892369582245e+01
3.765586667546000172e+03,7.580230571540527151e+00,9.088172059420140059e+00,3.221098892369582245e+01
3.765684432508000100e+03,7.555160131680826119e+00,9.074130856240481435e+00,3.207778909076978380e+01
3.765785484110000198e+03,7.555160131680826119e+00,9.074130856240481435e+00,3.207778909076978380e+01
3.765883441330000096e+03,7.527919847567613232e+00,9.055843676586482260e+00,3.192105995120755324e+01
3.765982471356000133e+03,7.514719833534694970e+00,9.045214698935705400e+00,3.208589840251761416e+01
3.766081727954000144e+03,7.496976590630151094e+00,9.036556053394997789e+00,3.200440042900254412e+01
3.766181639824999820e+03,7.496976590630151094e+00,9.036556053394997789e+00,3.200440042900254412e+01
3.766283462771999893e+03,7.496976590630151094e+00,9.036556053394997789e+00,3.200440042900254412e+01
3.766380811404999804e+03,7.462511405703048162e+00,9.010455228735191113e+00,3.202151890713821558e+01
3.766478700681000191e+03,7.451329755392293031e+00,9.019617471445780410e+00,3.192878653165053038e+01
3.766580466203000015e+03,7.435857642746781515e+00,9.000874345444572100e+00,3.190677266612283347e+01
3.766677468985999894e+03,7.435857642746781515e+00,9.000874345444572100e+00,3.190677266612283347e+01
3.766779479338999863e+03,7.409874532760953869e+00,8.984102783476373588e+00,3.213984878807195855e+01
3.766878487495000172e+03,7.409874532760953869e+00,8.984102783476373588e+00,3.213984878807195855e+01
3.766978570381999816e+03,7.386713259282190691e+00,8.965134659196156264e+00,3.204128151338181851e+01
3.767077603796999938e+03,7.386713259282190691e+00,8.965134659196156264e+00,3.204128151338181851e+01
3.767175506684000084e+03,7.386713259282190691e+00,8.965134659196156264e+00,3.204128151338181851e+01
3.767276785357999870e+03,7.355174229622138071e+00,8.949527344831404108e+00,3.230146108967119289e+01
3.767374681726999825e+03,7.355174229622138071e+00,8.949527344831404108e+00,3.230146108967119289e+01
3.767476505543999792e+03,7.330181641459716069e+00,8.928346423038419744e+00,3.233030357005873157e+01
3.767573843140000008e+03,7.311792204950255503e+00,8.918417842851159349e+00,3.208103651719966365e+01
3.767675515885000095e+03,7.311792204950255503e+00,8.918417842851159349e+00,3.208103651719966365e+01
3.767774516058999779e+03,7.278166119430465208e+00,8.887056057320114277e+00,3.212644761501678659e+01
3.767872518185999979e+03,7.278166119430465208e+00,8.887056057320114277e+00,3.212644761501678659e+01
3.767973567824999918e+03,7.278166119430465208e+00,8.887056057320114277e+00,3.212644761501678659e+01
3.768071541895999871e+03,7.246795172549103548e+00,8.870511686338250712e+00,3.220441597936542166e+01
3.768172750219000136e+03,7.238095461881970394e+00,8.857401833964649640e+00,3.240804403511674536e+01
3.768270651828000155e+03,7.238095461881970394e+00,8.857401833964649640e+00,3.240804403511674536e+01
3.768371927334999782e+03,7.213808620746498868e+00,8.843630512555501255e+00,3.252325583322772218e+01
3.768469824389000223e+03,7.213808620746498868e+00,8.843630512555501255e+00,3.252325583322772218e+01
3.768571601855000154e+03,7.175877102303569899e+00,8.834765466054340877e+00,3.209191192014941407e+01
3.768670550214999821e+03,7.175877102303569899e+00,8.834765466054340877e+00,3.209191192014941407e+01
3.768770552881000185e+03,7.175877102303569899e+00,8.834765466054340877e+00,3.209191192014941407e+01
3.768869600405999790e+03,7.146045940327825363e+00,8.815818561902414530e+00,3.233635574656318568e+01
3.768967570089000219e+03,7.146045940327825363e+00,8.815818561902414530e+00,3.233635574656318568e+01
3.769068734652999865e+03,7.116987941996852918e+00,8.800132355896858272e+00,3.223930528195296574e+01
3.769166615725000156e+03,7.116987941996852918e+00,8.800132355896858272e+00,3.223930528195296574e+01
3.769265890878999926e+03,7.116987941996852918e+00,8.800132355896858272e+00,3.223930528195296574e+01
3.769365785655999844e+03,7.090263334796258476e+00,8.779354401881210634e+00,3.210304766992294390e+01
3.769465585231000205e+03,7.090263334796258476e+00,8.779354401881210634e+00,3.210304766992294390e+01
3.769562950529999853e+03,7.063334236655577136e+00,8.762336827895705227e+00,3.217660095074052151e+01
3.769664590867999777e+03,7.063334236655577136e+00,8.762336827895705227e+00,3.217660095074052151e+01
3.769762598883000010e+03,7.035811237607344282e+00,8.743488317809170240e+00,3.245215177533054884e+01
3.769863606595999954e+03,7.035811237607344282e+00,8.743488317809170240e+00,3.245215177533054884e+01
3.769961617870999817e+03,7.015188566758955524e+00,8.727111712342230376e+00,3.248426789676841508e+01
3.770062614083999961e+03,7.002925060566416171e+00,8.714717653073240200e+00,3.252261739893356207e+01
3.770161850441999832e+03,7.002925060566416171e+00,8.714717653073240200e+00,3.252261739893356207e+01
3.770261755849000110e+03,6.974825839113986348e+00,8.703127774112726200e+00,3.226441361359093207e+01
3.770361041150999881e+03,6.974825839113986348e+00,8.703127774112726200e+00,3.226441361359093207e+01
3.770462615118000031e+03,6.951245521938038685e+00,8.683183303061742464e+00,3.219915427500154692e+01
3.770560635745000127e+03,6.951245521938038685e+00,8.683183303061742464e+00,3.219915427500154692e+01
3.770661673179999980e+03,6.932630083274511357e+00,8.665116665014647168e+00,3.216480608207120895e+01
3.770759637880999890e+03,6.932630083274511357e+00,8.665116665014647168e+00,3.216480608207120895e+01
3.770860660556999846e+03,6.905210275698867584e+00,8.647842953320651560e+00,3.247827847851795013e+01
3.770959109179999814e+03,6.905210275698867584e+00,8.647842953320651560e+00,3.247827847851795013e+01
3.771057789079000031e+03,6.882592682850030563e+00,8.629663374148368149e+00,3.235641529215854462e+01
3.771157705281999824e+03,6.865146136046336167e+00,8.619486280735873862e+00,3.240537032310157883e+01
3.771256999879999967e+03,6.865146136046336167e+00,8.619486280735873862e+00,3.240537032310157883e+01
3.771354885247999846e+03,6.840959113386292145e+00,8.602192075774292235e+00,3.222577427921123672e+01
3.771456667936000031e+03,6.840959113386292145e+00,8.602192075774292235e+00,3.222577427921123672e+01
3.771554045587000019e+03,6.818960613063631548e+00,8.584859667006458750e+00,3.219907674174237400e+01
3.771653670403999968e+03,6.818960613063631548e+00,8.584859667006458750e+00,3.219907674174237400e+01
3.771753717364999829e+03,6.794835529540955044e+00,8.572513536806582124e+00,3.220251121838145991e+01
3.771852692243000092e+03,6.777398100944059145e+00,8.563104661374017823e+00,3.210069711534515591e+01
3.771951774435000061e+03,6.777398100944059145e+00,8.563104661374017823e+00,3.210069711534515591e+01
3.772051697045999845e+03,6.777398100944059145e+00,8.563104661374017823e+00,3.210069711534515591e+01
3.772149741246999838e+03,6.749084812675731904e+00,8.544345907458543721e+00,3.197876020334888381e+01
3.772250854254999922e+03,6.749084812675731904e+00,8.544345907458543721e+00,3.197876020334888381e+01
3.772348728771999959e+03,6.729928568429908609e+00,8.529947522595964671e+00,3.178654866438819226e+01
3.772448020351000196e+03,6.709778899378737727e+00,8.522959103003584502e+00,3.191566624824417886e+01
3.772547722759999942e+03,6.709778899378737727e+00,8.522959103003584502e+00,3.191566624824417886e+01
3.772647721591999925e+03,6.684001319304820221e+00,8.505022890923052969e+00,3.195240935107221958e+01
3.772748720508000133e+03,6.684001319304820221e+00,8.505022890923052969e+00,3.195240935107221958e+01
3.772846733024000059e+03,6.664283731390036714e+00,8.489962464011249210e+00,3.187323360849632081e+01
3.772947735162999834e+03,6.664283731390036714e+00,8.489962464011249210e+00,3.187323360849632081e+01
3.773045735141000023e+03,6.636553032017558529e+00,8.475571250542040858e+00,3.197145592101378497e+01
3.773142869848999908e+03,6.636553032017558529e+00,8.475571250542040858e+00,3.197145592101378497e+01
3.773244749425000009e+03,6.609449133386964270e+00,8.460292054151567598e+00,3.188294024883589373e+01
3.773343997485999807e+03,6.609449133386964270e+00,8.460292054151567598e+00,3.188294024883589373e+01
3.773443891930000063e+03,6.584261614939326712e+00,8.443857479256028142e+00,3.171002991243085489e+01
3.773543148842999926e+03,6.584261614939326712e+00,8.443857479256028142e+00,3.171002991243085489e+01
3.773644771532000050e+03,6.564294829040840717e+00,8.426786161670451136e+00,3.167632002769323663e+01
3.773742760491999888e+03,6.564294829040840717e+00,8.426786161670451136e+00,3.167632002769323663e+01
3.773840816378000000e+03,6.541765449768239371e+00,8.410150448961347891e+00,3.188862034621934072e+01
3.773939777403999869e+03,6.522340328664244069e+00,8.401852343124980749e+00,3.159240331246337519e+01
3.774039781329000107e+03,6.522340328664244069e+00,8.401852343124980749e+00,3.159240331246337519e+01
3.774138787836000120e+03,6.499342068410872919e+00,8.389987385119955121e+00,3.167678684964130298e+01
3.774236783574000128e+03,6.484034317101280642e+00,8.377135721056900408e+00,3.162110490892018788e+01
3.774337844175000100e+03,6.468237725759785839e+00,8.370426251202069068e+00,3.143851425666298383e+01
3.774435797895000178e+03,6.451337887740622890e+00,8.360767506844192454e+00,3.169329693241024870e+01
3.774535018399999899e+03,6.451337887740622890e+00,8.360767506844192454e+00,3.169329693241024870e+01
3.774634906474000218e+03,6.427857138493958900e+00,8.349102915788305879e+00,3.158095601238755989e+01
3.774734161886000038e+03,6.427857138493958900e+00,8.349102915788305879e+00,3.158095601238755989e+01
3.774832085494999774e+03,6.398467080392105544e+00,8.336318370266006639e+00,3.179273674677688177e+01
3.774933849571999872e+03,6.398467080392105544e+00,8.336318370266006639e+00,3.179273674677688177e+01
3.775031236332999924e+03,6.374621070951683954e+00,8.322028065665424634e+00,3.185862952667093850e+01
3.775130821428000218e+03,6.374621070951683954e+00,8.322028065665424634e+00,3.185862952667093850e+01
3.775230825148999884e+03,6.340432463616592962e+00,8.308835814340771009e+00,3.267298670309401132e+01
3.775329877434000082e+03,6.331164480403526085e+00,8.301928308426202108e+00,3.416590263890839196e+01
3.775427838523999981e+03,6.322846958903823200e+00,8.295147002036308947e+00,3.692163931378900088e+01
3.775528855718000159e+03,6.314780671336915674e+00,8.292328614187633562e+00,4.068907740233271397e+01
3.775626836769999954e+03,6.306513565487397166e+00,8.288198734376553745e+00,4.434681520306412494e+01
3.775725993108999774e+03,6.303646682145767066e+00,8.284685779864000565e+00,4.651805850259052022e+01
3.775823896551999951e+03,6.291177426122589011e+00,8.271020769654340299e+00,4.638204569510207875e+01
3.775925181632000204e+03,6.291177426122589011e+00,8.271020769654340299e+00,4.638204569510207875e+01
3.776023080760000084e+03,6.291177426122589011e+00,8.271020769654340299e+00,4.638204569510207875e+01
3.776124863281000216e+03,6.268827078137541697e+00,8.245985158192841169e+00,4.643291402364638998e+01
3.776222236967999834e+03,6.268827078137541697e+00,8.245985158192841169e+00,4.643291402364638998e+01
3.776323876989999917e+03,6.249223749951919871e+00,8.221720434070947547e+00,4.676583513774176026e+01
3.776421908042999803e+03,6.249223749951919871e+00,8.221720434070947547e+00,4.676583513774176026e+01
3.776522889181000210e+03,6.221783806995948574e+00,8.199966589452149179e+00,4.654656011767883683e+01
3.776621968742999798e+03,6.221783806995948574e+00,8.199966589452149179e+00,4.654656011767883683e+01
3.776721922946000177e+03,6.211625613139471369e+00,8.184156270043375869e+00,4.615931898512144471e+01
3.776821155988000100e+03,6.197233315377956409e+00,8.167137136494192262e+00,4.650796978658263470e+01
3.776922900991000006e+03,6.197233315377956409e+00,8.167137136494192262e+00,4.650796978658263470e+01
3.777020319270000073e+03,6.197233315377956409e+00,8.167137136494192262e+00,4.650796978658263470e+01
3.777118223563999891e+03,6.170732132486294930e+00,8.140431306805611555e+00,4.656690893182030777e+01
3.777219908881999800e+03,6.157615414441965029e+00,8.131274715756214633e+00,4.644210713431903059e+01
3.777317909804999999e+03,6.150267108709953412e+00,8.117752221916951783e+00,4.739452684745856459e+01
3.777418916981000166e+03,6.135530450375221712e+00,8.103352386449612865e+00,4.990275050029822523e+01
3.777517971801999920e+03,6.125441647501133069e+00,8.096413175706901555e+00,5.267808283195563490e+01
3.777617924857000162e+03,6.120161991583585426e+00,8.087379955305866730e+00,5.658110576198168928e+01
3.777717122491999817e+03,6.115263596528961010e+00,8.080932627994251050e+00,6.024506437341415221e+01
3.777818937586000175e+03,6.113729635582125788e+00,8.073824379102505944e+00,6.403382096840005033e+01
3.777916317737000099e+03,6.108376500525332098e+00,8.064089967099196343e+00,6.763664693972032183e+01
3.778014207957000053e+03,6.108376500525332098e+00,8.064089967099196343e+00,6.763664693972032183e+01
3.778115954700000202e+03,6.092797385682637845e+00,8.044931985954233866e+00,6.809373176474991851e+01
3.778213955215000169e+03,6.086437578327307918e+00,8.025704392497525319e+00,6.780363924430503175e+01
3.778312960073999875e+03,6.080875656581769206e+00,8.006429513995634295e+00,6.813901103662146852e+01
3.778413956972000051e+03,6.080875656581769206e+00,8.006429513995634295e+00,6.813901103662146852e+01
3.778512058430999787e+03,6.061809072471509019e+00,7.976132860486494280e+00,6.812040881697839723e+01
3.778609967761999997e+03,6.054697760395059802e+00,7.964232271057651857e+00,6.827394065891212449e+01
3.778710990955999932e+03,6.054697760395059802e+00,7.964232271057651857e+00,6.827394065891212449e+01
3.778808979675000046e+03,6.046648414260993754e+00,7.933273327057348112e+00,6.854027179513877854e+01
3.778908151680000174e+03,6.046648414260993754e+00,7.933273327057348112e+00,6.854027179513877854e+01
3.779009981812000206e+03,6.038031661251147320e+00,7.906747710266015972e+00,6.855741709371841353e+01
3.779107330351000201e+03,6.038031661251147320e+00,7.906747710266015972e+00,6.855741709371841353e+01
3.779209050945999934e+03,6.026198685681150913e+00,7.881015692347816959e+00,6.864566273874288527e+01
3.779306996351000180e+03,6.020107446820178509e+00,7.864228485558804493e+00,6.972632293592823771e+01
3.779408010045000083e+03,6.012799249891826570e+00,7.850188337783718495e+00,7.181341666266007451e+01
3.779505998152999837e+03,6.010051961342536941e+00,7.841797612181788502e+00,7.399765475001686355e+01
3.779605013141000200e+03,6.006606154695758981e+00,7.830104754520969657e+00,7.503250429504760177e+01
3.779705010972999844e+03,6.000734584469022970e+00,7.812742938814288607e+00,7.525074714089782901e+01
3.779804144016000009e+03,6.000734584469022970e+00,7.812742938814288607e+00,7.525074714089782901e+01
3.779905411059000016e+03,6.000734584469022970e+00,7.812742938814288607e+00,7.525074714089782901e+01
3.780003298408999854e+03,6.000734584469022970e+00,7.812742938814288607e+00,7.525074714089782901e+01
3.780105032023000149e+03,5.991893796284124996e+00,7.781959931531989838e+00,7.486612294095607467e+01
3.780203038353000011e+03,5.987147328675631819e+00,7.761248614764142850e+00,7.492411256644913919e+01
3.780304044694999902e+03,5.983935047906265403e+00,7.743487053710803814e+00,7.485162596597433549e+01
3.780402082728000096e+03,5.979833292352281227e+00,7.726537922755185583e+00,7.492245369387887877e+01
3.780503045829999792e+03,5.979833292352281227e+00,7.726537922755185583e+00,7.492245369387887877e+01
3.780601045197000076e+03,5.971074050392211952e+00,7.695166150838439023e+00,7.473763751128785771e+01
3.780702128259999881e+03,5.971074050392211952e+00,7.695166150838439023e+00,7.473763751128785771e+01
3.780799377855999865e+03,5.971074050392211952e+00,7.695166150838439023e+00,7.473763751128785771e+01
3.780899268355000004e+03,5.962680766364223395e+00,7.665306932458722855e+00,7.479495610023946028e+01
3.781001067504999810e+03,5.962680766364223395e+00,7.665306932458722855e+00,7.479495610023946028e+01
3.781098461006999969e+03,5.958476002584460751e+00,7.637674527765145882e+00,7.678914556666200042e+01
3.781200081548000071e+03,5.953396134055468636e+00,7.625590154965127709e+00,7.914369137936660081e+01
3.781298074729999826e+03,5.953396134055468636e+00,7.625590154965127709e+00,7.914369137936660081e+01
3.781399082311999791e+03,5.950426068273622526e+00,7.605700602129171095e+00,7.985694156007298261e+01
3.781497077124000043e+03,5.947439450701016206e+00,7.589714724317262018e+00,8.024444476680287153e+01
3.781596118982000007e+03,5.939482581545847850e+00,7.559062567845056257e+00,8.004985262618788511e+01
3.781696098888000051e+03,5.939482581545847850e+00,7.559062567845056257e+00,8.004985262618788511e+01
3.781795247319999817e+03,5.943626472656863946e+00,7.547334368273684646e+00,7.962216381893881589e+01
3.781897104080000190e+03,5.936251582729413556e+00,7.525720664605567656e+00,7.998703634345361024e+01
3.781994418193999991e+03,5.933392246411198556e+00,7.506298228353214697e+00,8.013266815884776406e+01
3.782092402671999935e+03,5.929273734748379709e+00,7.489508483163033858e+00,7.995529900152973823e+01
3.782194110729999920e+03,5.929273734748379709e+00,7.489508483163033858e+00,7.995529900152973823e+01
3.782291490306000014e+03,5.929273734748379709e+00,7.489508483163033858e+00,7.995529900152973823e+01
3.782393131290999918e+03,5.929273734748379709e+00,7.489508483163033858e+00,7.995529900152973823e+01
3.782492132297999888e+03,5.929273734748379709e+00,7.489508483163033858e+00,7.995529900152973823e+01
3.782590126091000002e+03,5.922924017993749679e+00,7.449451427138363613e+00,7.958538495783500366e+01
3.782691216320999956e+03,5.922924017993749679e+00,7.449451427138363613e+00,7.958538495783500366e+01
3.782789144022000073e+03,5.920198804227651657e+00,7.423387451446568086e+00,7.970252855063222341e+01
3.782890390564999961e+03,5.920198804227651657e+00,7.423387451446568086e+00,7.970252855063222341e+01
3.782988289451000128e+03,5.920198804227651657e+00,7.423387451446568086e+00,7.970252855063222341e+01
3.783087541214999874e+03,5.920198804227651657e+00,7.423387451446568086e+00,7.970252855063222341e+01
3.783187459622000006e+03,5.912174159323580369e+00,7.390249543334309834e+00,8.283649222307644777e+01
3.783287154345000090e+03,5.911468113121622459e+00,7.383720052704982884e+00,8.464102120277743779e+01
3.783388180297999952e+03,5.911468113121622459e+00,7.383720052704982884e+00,8.464102120277743779e+01
3.783486164256999928e+03,5.907578109655400311e+00,7.351335146813606336e+00,8.498766481840789311e+01
3.783584195291000015e+03,5.907578109655400311e+00,7.351335146813606336e+00,8.498766481840789311e+01
3.783685177225000189e+03,5.907578109655400311e+00,7.351335146813606336e+00,8.498766481840789311e+01
3.783783182388000114e+03,5.907578109655400311e+00,7.351335146813606336e+00,8.498766481840789311e+01
3.783884257025999887e+03,5.904340696040411451e+00,7.309704348235343652e+00,8.537909984553039067e+01
3.783983527177999804e+03,5.904340696040411451e+00,7.309704348235343652e+00,8.537909984553039067e+01
3.784081420454000181e+03,5.902857278102850991e+00,7.280597458122017862e+00,8.507162785383911796e+01
3.784183197418999953e+03,5.902857278102850991e+00,7.280597458122017862e+00,8.507162785383911796e+01
3.784280602382999859e+03,5.902857278102850991e+00,7.280597458122017862e+00,8.507162785383911796e+01
3.784382240552999974e+03,5.902857278102850991e+00,7.280597458122017862e+00,8.507162785383911796e+01
3.784480220382999960e+03,5.901087084228014312e+00,7.235685239074471475e+00,8.537754962447138496e+01
3.784581213742999807e+03,5.901087084228014312e+00,7.235685239074471475e+00,8.537754962447138496e+01
3.784679216998999891e+03,5.901087084228014312e+00,7.235685239074471475e+00,8.537754962447138496e+01
3.784778221505000147e+03,5.896294703895067713e+00,7.213778860209229649e+00,8.528850971016140647e+01
3.784879494271000112e+03,5.894530851395642479e+00,7.200323220429662108e+00,8.520841253216417499e+01
3.784977378693999981e+03,5.894530851395642479e+00,7.200323220429662108e+00,8.520841253216417499e+01
3.785079235270000027e+03,5.894530851395642479e+00,7.200323220429662108e+00,8.520841253216417499e+01
3.785176565030999882e+03,5.893164815538942669e+00,7.165506132962716990e+00,8.541026111220048733e+01
3.785278237849000107e+03,5.886108898156702907e+00,7.144754449548734954e+00,8.582192636554168530e+01
3.785376264307999918e+03,5.886108898156702907e+00,7.144754449548734954e+00,8.582192636554168530e+01
3.785477268667999851e+03,5.885681017087221356e+00,7.119459147183759384e+00,8.572454380330668755e+01
3.785575258961000145e+03,5.885681017087221356e+00,7.119459147183759384e+00,8.572454380330668755e+01
3.785674293597000087e+03,5.881172856881197397e+00,7.089739725423303440e+00,8.562259945757318746e+01
3.785775446381000165e+03,5.881172856881197397e+00,7.089739725423303440e+00,8.562259945757318746e+01
3.785873331674999918e+03,5.881172856881197397e+00,7.089739725423303440e+00,8.562259945757318746e+01
3.785974626921999970e+03,5.879797607759859268e+00,7.051495276076046537e+00,8.559643966815997373e+01
3.786072535585999958e+03,5.879959264450620893e+00,7.035201657899913918e+00,8.673519368080519598e+01
3.786174283310000192e+03,5.879083931266245067e+00,7.022104920690206420e+00,8.923076524196289938e+01
3.786272301787999822e+03,5.879705904737670075e+00,7.012889353184753816e+00,9.136727105506793123e+01
3.786371273664999990e+03,5.879705904737670075e+00,7.012889353184753816e+00,9.136727105506793123e+01
3.786471290903999943e+03,5.879705904737670075e+00,7.012889353184753816e+00,9.136727105506793123e+01
3.786570292503000019e+03,5.877189210743266834e+00,6.977006410806232850e+00,9.187353413232699495e+01
3.786669417286000225e+03,5.877189210743266834e+00,6.977006410806232850e+00,9.187353413232699495e+01
3.786769338265999977e+03,5.877189210743266834e+00,6.977006410806232850e+00,9.187353413232699495e+01
3.786870602161000079e+03,5.878283977193381027e+00,6.945451961296155829e+00,9.184366749280229669e+01
3.786968503269999928e+03,5.878938692958649348e+00,6.928458064632966540e+00,9.217410823476598125e+01
3.787070312863999789e+03,5.878938692958649348e+00,6.928458064632966540e+00,9.217410823476598125e+01
3.787167672142999891e+03,5.878981865982381372e+00,6.899522530952479471e+00,9.182804914046641898e+01
3.787269328682999912e+03,5.878981865982381372e+00,6.899522530952479471e+00,9.182804914046641898e+01
3.787367336549999891e+03,5.878981865982381372e+00,6.899522530952479471e+00,9.182804914046641898e+01
3.787466332630000124e+03,5.876403744186131206e+00,6.869933631936099516e+00,9.175227956701633047e+01
3.787566380869000113e+03,5.876403744186131206e+00,6.869933631936099516e+00,9.175227956701633047e+01
3.787665344857000036e+03,5.871483986492124885e+00,6.829976144352938761e+00,9.187557113212164950e+01
3.787766574622999997e+03,5.871483986492124885e+00,6.829976144352938761e+00,9.187557113212164950e+01
3.787864470379000068e+03,5.875871815758613614e+00,6.804654550099756172e+00,9.154531639855918002e+01
3.787965754996000214e+03,5.875871815758613614e+00,6.804654550099756172e+00,9.154531639855918002e+01
3.788063643290000073e+03,5.875871815758613614e+00,6.804654550099756172e+00,9.154531639855918002e+01
3.788161497250000139e+03,5.875871815758613614e+00,6.804654550099756172e+00,9.154531639855918002e+01
3.788263368009999795e+03,5.876216595159234224e+00,6.770137566632136839e+00,9.113054254762460005e+01
3.788362402905000181e+03,5.876216595159234224e+00,6.770137566632136839e+00,9.113054254762460005e+01
3.788462370311000086e+03,5.876216595159234224e+00,6.770137566632136839e+00,9.113054254762460005e+01
3.788561399262000123e+03,5.876216595159234224e+00,6.770137566632136839e+00,9.113054254762460005e+01
3.788662535028000093e+03,5.876216595159234224e+00,6.770137566632136839e+00,9.113054254762460005e+01
3.788760412859000098e+03,5.876058875785997060e+00,6.745034270106359919e+00,9.098582755513120901e+01
3.788861720235000121e+03,5.876058875785997060e+00,6.745034270106359919e+00,9.098582755513120901e+01
3.788959582009999849e+03,5.876800488982438786e+00,6.717355251825891216e+00,9.079956315473168615e+01
3.789061405104000187e+03,5.876800488982438786e+00,6.717355251825891216e+00,9.079956315473168615e+01
3.789158760901999813e+03,5.877448608352891846e+00,6.694203429308206665e+00,9.070667265864244655e+01
3.789258405013999891e+03,5.877448608352891846e+00,6.694203429308206665e+00,9.070667265864244655e+01
3.789358429899999919e+03,5.878918272791519684e+00,6.683795616228551673e+00,8.758733219300552264e+01
3.789457416165999803e+03,5.880959422675982040e+00,6.671378801960916149e+00,8.428266434763713733e+01
3.789558479432999775e+03,5.880959422675982040e+00,6.671378801960916149e+00,8.428266434763713733e+01
3.789656431521999821e+03,5.880959422675982040e+00,6.671378801960916149e+00,8.428266434763713733e+01
3.789754424315000051e+03,5.880959422675982040e+00,6.671378801960916149e+00,8.428266434763713733e+01
3.789853556356999889e+03,5.880959422675982040e+00,6.671378801960916149e+00,8.428266434763713733e+01
3.789953455559999838e+03,5.880959422675982040e+00,6.671378801960916149e+00,8.428266434763713733e+01
3.790052734007999788e+03,5.880959422675982040e+00,6.671378801960916149e+00,8.428266434763713733e+01
3.790151530626999829e+03,5.880959422675982040e+00,6.671378801960916149e+00,8.428266434763713733e+01
3.790252457153999785e+03,5.880959422675982040e+00,6.671378801960916149e+00,8.428266434763713733e+01
3.790349835822999921e+03,5.880959422675982040e+00,6.671378801960916149e+00,8.428266434763713733e+01
3.790451457547999780e+03,5.880959422675982040e+00,6.671378801960916149e+00,8.428266434763713733e+01
3.790549462469999980e+03,5.878706306381240587e+00,6.653758754034013734e+00,8.443503281866355792e+01
3.790650463848000072e+03,5.878329983073375509e+00,6.627125086088152095e+00,8.428346551788195029e+01
3.790749542964999819e+03,5.878329983073375509e+00,6.627125086088152095e+00,8.428346551788195029e+01
3.790849488555999869e+03,5.878329983073375509e+00,6.627125086088152095e+00,8.428346551788195029e+01
3.790948714782000025e+03,5.878614302514209911e+00,6.602893462974996908e+00,8.382042024118049994e+01
3.791050471377000122e+03,5.876941645539840664e+00,6.586791849826066247e+00,8.407382594575096846e+01
3.791147885285000029e+03,5.876941645539840664e+00,6.586791849826066247e+00,8.407382594575096846e+01
3.791245791023000038e+03,5.876941645539840664e+00,6.586791849826066247e+00,8.407382594575096846e+01
3.791347520821000217e+03,5.876941645539840664e+00,6.586791849826066247e+00,8.407382594575096846e+01
3.791445499909999853e+03,5.873161531983417838e+00,6.554844675589945879e+00,8.393727718875084065e+01
3.791546545177000098e+03,5.873161531983417838e+00,6.554844675589945879e+00,8.393727718875084065e+01
3.791645502702000158e+03,5.873161531983417838e+00,6.554844675589945879e+00,8.393727718875084065e+01
3.791745510810999804e+03,5.873161531983417838e+00,6.554844675589945879e+00,8.393727718875084065e+01
3.791844864166000207e+03,5.873161531983417838e+00,6.554844675589945879e+00,8.393727718875084065e+01
3.791942570220000107e+03,5.870930083839697389e+00,6.528089296635833705e+00,8.380443937167797230e+01
3.792043853818000116e+03,5.870930083839697389e+00,6.528089296635833705e+00,8.380443937167797230e+01
3.792141747945000134e+03,5.870930083839697389e+00,6.528089296635833705e+00,8.380443937167797230e+01
3.792243536372000108e+03,5.870930083839697389e+00,6.528089296635833705e+00,8.380443937167797230e+01
3.792340933095999844e+03,5.870930083839697389e+00,6.528089296635833705e+00,8.380443937167797230e+01
3.792440552430000025e+03,5.870930083839697389e+00,6.528089296635833705e+00,8.380443937167797230e+01
3.792539544324999952e+03,5.870930083839697389e+00,6.528089296635833705e+00,8.380443937167797230e+01
3.792639548933999777e+03,5.870930083839697389e+00,6.528089296635833705e+00,8.380443937167797230e+01
3.792740655181999955e+03,5.870930083839697389e+00,6.528089296635833705e+00,8.380443937167797230e+01
3.792838591103999988e+03,5.870930083839697389e+00,6.528089296635833705e+00,8.380443937167797230e+01
3.792936585878000187e+03,5.870930083839697389e+00,6.528089296635833705e+00,8.380443937167797230e+01
3.793035700976000044e+03,5.870930083839697389e+00,6.528089296635833705e+00,8.380443937167797230e+01
3.793134971332000077e+03,5.870930083839697389e+00,6.528089296635833705e+00,8.380443937167797230e+01
3.793234872812000049e+03,5.870930083839697389e+00,6.528089296635833705e+00,8.380443937167797230e+01
3.793332788531000006e+03,5.870930083839697389e+00,6.528089296635833705e+00,8.380443937167797230e+01
3.793434576457999810e+03,5.870930083839697389e+00,6.528089296635833705e+00,8.380443937167797230e+01
3.793531940441000188e+03,5.870930083839697389e+00,6.528089296635833705e+00,8.380443937167797230e+01
3.793631588127000214e+03,5.870930083839697389e+00,6.528089296635833705e+00,8.380443937167797230e+01
3.793729591640999843e+03,5.870930083839697389e+00,6.528089296635833705e+00,8.380443937167797230e+01
3.793830597723000210e+03,5.870930083839697389e+00,6.528089296635833705e+00,8.380443937167797230e+01
3.793928609885999776e+03,5.870930083839697389e+00,6.528089296635833705e+00,8.380443937167797230e+01
